filename|bytes|sha256|dimensions|mime
01-nielsons-lawyers.jpeg|127610|d2b07825286090f0878a48267585b9e54a265e221f78d4d8cc2488e1906adc3e|JPEG image data, Exif standard: [TIFF image data, little-endian, direntries=0], baseline, precision 8, 900x578, components 3|image/jpeg
02-vesha-law.jpeg|81530|af94417afcb170805d244b740eee15f9a70b0c54bbee7f3af670d404b096265a|JPEG image data, Exif standard: [TIFF image data, little-endian, direntries=0], baseline, precision 8, 900x581, components 3|image/jpeg
03-grindal-legal.jpeg|39887|70f7f5ed7bf8a7e7788e1c5322171b8694d824941d59f5987558c13117cbf709|JPEG image data, Exif standard: [TIFF image data, little-endian, direntries=0], baseline, precision 8, 900x600, components 3|image/jpeg
04-lobo-vasques.jpeg|79560|c41499012acba6f5c2a9e6dd064280075d6548dbd9f4521ecd6768f035052804|JPEG image data, Exif standard: [TIFF image data, little-endian, direntries=0], baseline, precision 8, 900x588, components 3|image/jpeg
05-lexelis.jpeg|36269|e59672f82fbc4f8c4fb9c4d82d16b2c3b5e3ab6e44916923007bdf0db3002571|JPEG image data, Exif standard: [TIFF image data, little-endian, direntries=0], baseline, precision 8, 900x590, components 3|image/jpeg
06-judit-gyolcs.jpeg|85685|54a2f4fd94e80884f20d98da1bf02b7faa512b70413a86289f30d8a34c5d11a9|JPEG image data, Exif standard: [TIFF image data, little-endian, direntries=0], baseline, precision 8, 900x590, components 3|image/jpeg
07-von-wobeser.jpeg|73243|3500edf29d56376d98b03f86f706bbfe5167cb6415f420ff5479a5cd6114a974|JPEG image data, Exif standard: [TIFF image data, little-endian, direntries=0], baseline, precision 8, 900x600, components 3|image/jpeg
08-king-collins.jpeg|49448|a19f0d95fcfc2403e17b4d5a9628b2ef05ef8e19e7886aab13ed870aa76897ea|JPEG image data, Exif standard: [TIFF image data, little-endian, direntries=0], baseline, precision 8, 900x600, components 3|image/jpeg
09-walless.jpeg|60093|198585a499fb27befcc4ed0f7c1f96a7745feed0ba4a74b49f1b925c0a4bce49|JPEG image data, Exif standard: [TIFF image data, little-endian, direntries=0], baseline, precision 8, 900x600, components 3|image/jpeg
